{"m": 1, "v": 1, "s": [], "r": [0, 499, 10000, 40.4, 188.9894176931608, 0.48604064640042655, 70], "b": 100}